Date,Open,High,Low,Close,Adj Close,Volume
1993-10-01,200.0,200.0,200.0,200.0,200.0,0
1993-11-01,201.7899932861328,203.11000061035156,190.35000610351562,196.10000610351562,196.10000610351562,0
1993-12-01,199.11000061035156,199.11000061035156,186.2100067138672,197.8800048828125,197.8800048828125,0
1994-01-01,199.67999267578125,209.6999969482422,199.67999267578125,209.5399932861328,209.5399932861328,0
1994-02-01,206.3300018310547,206.3300018310547,182.41000366210938,185.77999877929688,185.77999877929688,0
1994-03-01,183.6199951171875,183.72999572753906,161.82000732421875,161.82000732421875,161.82000732421875,0
1994-04-01,157.0800018310547,162.89999389648438,143.11000061035156,156.19000244140625,156.19000244140625,0
1994-05-01,157.97999572753906,162.17999267578125,156.5500030517578,158.49000549316406,158.49000549316406,0
1994-06-01,158.67999267578125,159.91000366210938,143.4199981689453,145.27999877929688,145.27999877929688,0
1994-07-01,145.30999755859375,152.1699981689453,144.14999389648438,152.1699981689453,152.1699981689453,0
1994-08-01,152.64999389648438,172.11000061035156,152.64999389648438,169.9499969482422,169.9499969482422,0
1994-09-01,169.88999938964844,176.42999267578125,167.72000122070312,169.1300048828125,169.1300048828125,0
1994-10-01,168.33999633789062,168.33999633789062,161.8300018310547,163.60000610351562,163.60000610351562,0
1994-11-01,161.58999633789062,167.5399932861328,152.99000549316406,165.7100067138672,165.7100067138672,0
1994-12-01,165.47999572753906,166.27000427246094,152.3000030517578,161.39999389648438,161.39999389648438,0
1995-01-01,161.27000427246094,169.5399932861328,153.61000061035156,169.3800048828125,169.3800048828125,0
1995-02-01,169.6999969482422,183.0500030517578,167.0500030517578,175.6300048828125,175.6300048828125,0
1995-03-01,176.19000244140625,176.49000549316406,170.0399932861328,172.67999267578125,172.67999267578125,0
1995-04-01,172.30999755859375,179.69000244140625,169.7100067138672,178.9600067138672,178.9600067138672,0
1995-05-01,179.22000122070312,181.14999389648438,174.89999389648438,179.7100067138672,179.7100067138672,0
1995-06-01,180.58999633789062,201.8800048828125,179.49000549316406,201.80999755859375,201.80999755859375,0
1995-07-01,201.63999938964844,220.69000244140625,200.52000427246094,220.1199951171875,220.1199951171875,0
1995-08-01,220.0399932861328,254.11000061035156,216.22999572753906,247.66000366210938,247.66000366210938,0
1995-09-01,248.25,261.6300048828125,246.58999633789062,254.80999755859375,254.80999755859375,0
1995-10-01,255.1199951171875,255.94000244140625,231.0800018310547,246.0500030517578,246.0500030517578,0
1995-11-01,246.24000549316406,260.1199951171875,240.38999938964844,258.8800048828125,258.8800048828125,0
1995-12-01,259.0899963378906,305.19000244140625,256.44000244140625,304.29998779296875,304.29998779296875,0
1996-01-01,303.5899963378906,327.94000244140625,285.3399963378906,327.75,327.75,0
1996-02-01,327.760009765625,332.55999755859375,316.8999938964844,317.489990234375,317.489990234375,0
1996-03-01,318.42999267578125,339.0799865722656,299.80999755859375,304.1199951171875,304.1199951171875,0
1996-04-01,304.8500061035156,318.1400146484375,285.19000244140625,316.8900146484375,316.8900146484375,0
1996-05-01,318.05999755859375,335.17999267578125,300.2200012207031,328.95001220703125,328.95001220703125,0
1996-06-01,328.6099853515625,330.95001220703125,287.3299865722656,294.67999267578125,294.67999267578125,0
1996-07-01,294.4800109863281,300.6199951171875,249.69000244140625,267.0799865722656,267.0799865722656,0
1996-08-01,265.2799987792969,292.1600036621094,263.7699890136719,284.07000732421875,284.07000732421875,0
1996-09-01,282.2300109863281,307.67999267578125,275.3900146484375,306.3399963378906,306.3399963378906,0
1996-10-01,306.1000061035156,310.92999267578125,289.05999755859375,297.0299987792969,297.0299987792969,0
1996-11-01,297.32000732421875,298.739990234375,283.8699951171875,293.6499938964844,293.6499938964844,0
1996-12-01,295.9200134277344,310.1600036621094,288.7300109863281,303.30999755859375,303.30999755859375,0
1997-01-01,303.8900146484375,332.80999755859375,299.6499938964844,330.7900085449219,330.7900085449219,0
1997-02-01,331.6700134277344,354.7200012207031,327.67999267578125,339.6099853515625,339.6099853515625,0
1997-03-01,339.739990234375,346.4800109863281,293.6400146484375,294.07000732421875,294.07000732421875,0
1997-04-01,292.5899963378906,305.70001220703125,270.5,279.42999267578125,279.42999267578125,0
1997-05-01,279.7699890136719,321.45001220703125,276.4700012207031,320.6199951171875,320.6199951171875,0
1997-06-01,321.8599853515625,324.20001220703125,304.92999267578125,309.2200012207031,309.2200012207031,0
1997-07-01,309.5299987792969,324.3900146484375,302.3999938964844,319.5400085449219,319.5400085449219,0
1997-08-01,319.55999755859375,324.5400085449219,294.04998779296875,310.9100036621094,310.9100036621094,0
1997-09-01,312.2900085449219,346.260009765625,312.2900085449219,342.05999755859375,342.05999755859375,0
1997-10-01,342.5,356.55999755859375,292.0799865722656,321.45001220703125,321.45001220703125,0
1997-11-01,325.3500061035156,339.0299987792969,305.70001220703125,313.4100036621094,313.4100036621094,0
1997-12-01,315.6000061035156,319.1499938964844,289.760009765625,303.1000061035156,303.1000061035156,0
1998-01-01,303.510009765625,309.8299865722656,276.0799865722656,302.05999755859375,302.05999755859375,0
1998-02-01,307.0299987792969,325.3800048828125,307.0299987792969,314.92999267578125,314.92999267578125,0
1998-03-01,315.95001220703125,343.0299987792969,310.1199951171875,338.4800109863281,338.4800109863281,0
1998-04-01,339.1300048828125,351.4599914550781,314.4700012207031,330.8500061035156,330.8500061035156,0
1998-05-01,331.07000732421875,337.3800048828125,310.8399963378906,319.2900085449219,319.2900085449219,0
1998-06-01,318.7699890136719,324.45001220703125,304.45001220703125,317.20001220703125,317.20001220703125,0
1998-07-01,318.239990234375,343.489990234375,314.8299865722656,326.82000732421875,326.82000732421875,0
1998-08-01,326.1700134277344,334.92999267578125,254.25,254.97999572753906,254.97999572753906,0
1998-09-01,256.8999938964844,333.17999267578125,247.16000366210938,318.489990234375,318.489990234375,0
1998-10-01,313.4800109863281,350.1499938964844,276.739990234375,345.0799865722656,345.0799865722656,0
1998-11-01,347.4800109863281,369.6499938964844,346.260009765625,357.04998779296875,357.04998779296875,0
1998-12-01,354.1199951171875,437.4800109863281,351.7799987792969,437.30999755859375,437.30999755859375,0
1999-01-01,437.3599853515625,484.6000061035156,417.8699951171875,482.0299987792969,482.0299987792969,0
1999-02-01,485.92999267578125,486.7200012207031,437.7699890136719,453.79998779296875,453.79998779296875,0
1999-03-01,454.239990234375,523.5499877929688,450.55999755859375,498.2799987792969,498.2799987792969,0
1999-04-01,500.17999267578125,514.6900024414062,424.5799865722656,454.5799865722656,454.5799865722656,0
1999-05-01,458.260009765625,505.6199951171875,453.95001220703125,489.54998779296875,489.54998779296875,0
1999-06-01,490.739990234375,513.77001953125,454.82000732421875,507.2200012207031,507.2200012207031,0
1999-07-01,509.4100036621094,586.3200073242188,505.1499938964844,572.780029296875,572.780029296875,0
1999-08-01,575.4099731445312,639.969970703125,556.0900268554688,628.3599853515625,628.3599853515625,0
1999-09-01,630.9600219726562,669.5599975585938,583.27001953125,589.4000244140625,589.4000244140625,0
1999-10-01,587.969970703125,635.469970703125,563.1799926757812,599.4000244140625,599.4000244140625,0
1999-11-01,602.22998046875,703.9000244140625,587.1599731445312,676.9600219726562,676.9600219726562,0
1999-12-01,673.77001953125,917.3599853515625,656.6300048828125,881.780029296875,881.780029296875,0
2000-01-01,939.0499877929688,1174.8599853515625,813.3099975585938,1015.780029296875,1015.780029296875,0
2000-02-01,1024.1700439453125,1476.2900390625,1002.760009765625,1476.2900390625,1476.2900390625,0
2000-03-01,1491.0699462890625,1619.97998046875,1003.1699829101562,1096.199951171875,1096.199951171875,0
2000-04-01,1093.239990234375,1158.81005859375,806.6400146484375,952.75,952.75,0
2000-05-01,971.0700073242188,1031.0699462890625,831.8099975585938,926.1199951171875,926.1199951171875,0
2000-06-01,939.3300170898438,1260.27001953125,927.8699951171875,1216.739990234375,1216.739990234375,0
2000-07-01,1216.219970703125,1375.5699462890625,1099.4200439453125,1123.5,1123.5,0
2000-08-01,1128.0400390625,1372.030029296875,1127.699951171875,1362.949951171875,1362.949951171875,0
2000-09-01,1381.1300048828125,1383.06005859375,1214.780029296875,1315.1600341796875,1315.1600341796875,0
2000-10-01,1312.18994140625,1312.18994140625,1091.5899658203125,1208.1600341796875,1208.1600341796875,0
2000-11-01,1210.22998046875,1323.4100341796875,1036.31005859375,1048.8399658203125,1048.8399658203125,0
2000-12-01,1068.9200439453125,1221.030029296875,1011.8200073242188,1084.510009765625,1084.510009765625,0
2001-01-01,1095.6300048828125,1098.3299560546875,847.0499877929688,1042.6300048828125,1042.6300048828125,0
2001-02-01,1040.8199462890625,1058.6800537109375,898.1400146484375,962.3300170898438,962.3300170898438,0
2001-03-01,962.3300170898438,975.8300170898438,608.239990234375,766.5700073242188,766.5700073242188,0
2001-04-01,763.27001953125,927.969970703125,662.030029296875,911.9500122070312,911.9500122070312,0
2001-05-01,914.0999755859375,1041.81005859375,851.5800170898438,987.6799926757812,987.6799926757812,0
2001-06-01,994.6199951171875,1090.0699462890625,945.0800170898438,1013.75,1013.75,0
2001-07-01,1003.3900146484375,1003.3900146484375,813.969970703125,869.0900268554688,869.0900268554688,0
2001-08-01,875.1199951171875,913.3699951171875,797.9099731445312,878.0399780273438,878.0399780273438,0
2001-09-01,877.6099853515625,908.7999877929688,678.469970703125,742.7000122070312,742.7000122070312,0
2001-10-01,743.0399780273438,912.6099853515625,723.510009765625,863.7100219726562,863.7100219726562,0
2001-11-01,866.5,963.219970703125,825.469970703125,946.219970703125,946.219970703125,0
2001-12-01,938.3099975585938,978.4199829101562,876.6400146484375,908.7899780273438,908.7899780273438,0
2002-01-01,909.8800048828125,909.8800048828125,742.8099975585938,780.030029296875,780.030029296875,0
2002-02-01,786.4500122070312,811.010009765625,710.5800170898438,745.1400146484375,745.1400146484375,0
2002-03-01,739.9099731445312,826.3599853515625,723.8900146484375,772.8499755859375,772.8499755859375,0
2002-04-01,769.2000122070312,781.3200073242188,618.760009765625,651.3599853515625,651.3599853515625,0
2002-05-01,653.0399780273438,653.1300048828125,568.77001953125,579.9299926757812,579.9299926757812,0
2002-06-01,579.8400268554688,581.1599731445312,466.8500061035156,510.0400085449219,510.0400085449219,0
2002-07-01,503.6000061035156,521.5399780273438,397.3599853515625,513.3499755859375,513.3499755859375,0
2002-08-01,512.4500122070312,552.0499877929688,466.9599914550781,489.30999755859375,489.30999755859375,0
2002-09-01,485.5299987792969,504.3699951171875,429.260009765625,464.92999267578125,464.92999267578125,0
2002-10-01,466.29998779296875,520.780029296875,442.0899963378906,511.44000244140625,511.44000244140625,0
2002-11-01,512.7000122070312,570.280029296875,505.19000244140625,557.9099731445312,557.9099731445312,0
2002-12-01,567.3400268554688,570.47998046875,490.7900085449219,496.8500061035156,496.8500061035156,0
2003-01-01,499.8800048828125,539.8599853515625,483.6700134277344,486.1300048828125,486.1300048828125,0
2003-02-01,486.5799865722656,488.6400146484375,461.05999755859375,479.3800048828125,479.3800048828125,0
2003-03-01,479.75,530.3300170898438,463.20001220703125,512.1599731445312,512.1599731445312,0
2003-04-01,513.4099731445312,580.739990234375,505.0199890136719,574.1300048828125,574.1300048828125,0
2003-05-01,572.969970703125,682.97998046875,566.0599975585938,682.9000244140625,682.9000244140625,0
2003-06-01,701.4600219726562,777.2999877929688,654.4400024414062,672.1799926757812,672.1799926757812,0
2003-07-01,665.739990234375,747.1900024414062,653.9500122070312,732.77001953125,732.77001953125,0
2003-08-01,733.3800048828125,744.489990234375,651.47998046875,740.8400268554688,740.8400268554688,0
2003-09-01,742.1500244140625,801.4000244140625,697.7100219726562,720.47998046875,720.47998046875,0
2003-10-01,723.8800048828125,767.1799926757812,687.2000122070312,715.25,715.25,0
2003-11-01,717.760009765625,721.6199951171875,661.1300048828125,695.3300170898438,695.3300170898438,0
2003-12-01,699.25,733.239990234375,674.3699951171875,724.1400146484375,724.1400146484375,0
2004-01-01,727.6699829101562,798.5700073242188,727.6699829101562,774.719970703125,774.719970703125,0
2004-02-01,776.8400268554688,799.4500122070312,754.1300048828125,779.8599853515625,779.8599853515625,0
2004-03-01,784.2000122070312,819.2000122070312,734.2899780273438,778.0999755859375,778.0999755859375,0
2004-04-01,776.5800170898438,851.4400024414062,776.4199829101562,781.760009765625,781.760009765625,0
2004-05-01,784.77001953125,803.5599975585938,733.5800170898438,762.6900024414062,762.6900024414062,0
2004-06-01,760.3900146484375,773.52001953125,720.2899780273438,759.3300170898438,759.3300170898438,0
2004-07-01,758.97998046875,760.9199829101562,646.4000244140625,687.1300048828125,687.1300048828125,0
2004-08-01,685.010009765625,705.72998046875,622.010009765625,691.7000122070312,691.7000122070312,0
2004-09-01,691.3499755859375,734.219970703125,690.6599731445312,714.5599975585938,714.5599975585938,0
2004-10-01,717.6500244140625,735.8200073242188,657.8499755859375,695.1500244140625,695.1500244140625,0
2004-11-01,695.760009765625,738.3800048828125,681.6300048828125,719.25,719.25,0
2004-12-01,721.5700073242188,774.4299926757812,721.5700073242188,768.52001953125,768.52001953125,0
2005-01-01,770.27001953125,772.530029296875,707.760009765625,725.27001953125,725.27001953125,0
2005-02-01,725.27001953125,743.6900024414062,689.3300170898438,694.1799926757812,694.1799926757812,0
2005-03-01,694.9400024414062,706.4000244140625,643.47998046875,650.5599975585938,650.5599975585938,0
2005-04-01,653.6900024414062,674.6400146484375,635.0999755859375,646.719970703125,646.719970703125,0
2005-05-01,648.010009765625,689.3099975585938,647.8800048828125,678.1699829101562,678.1699829101562,0
2005-06-01,678.760009765625,700.9600219726562,654.8900146484375,690.4000244140625,690.4000244140625,0
2005-07-01,690.9299926757812,792.6799926757812,688.2899780273438,772.969970703125,772.969970703125,0
2005-08-01,774.989990234375,794.219970703125,748.6900024414062,774.97998046875,774.97998046875,0
2005-09-01,778.0399780273438,808.2899780273438,771.1099853515625,784.8599853515625,784.8599853515625,0
2005-10-01,784.6799926757812,805.25,716.02001953125,754.780029296875,754.780029296875,0
2005-11-01,749.989990234375,815.02001953125,744.3699951171875,783.1900024414062,783.1900024414062,0
2005-12-01,785.8800048828125,809.7000122070312,764.4099731445312,790.3099975585938,790.3099975585938,0
2006-01-01,795.3200073242188,834.4500122070312,781.4400024414062,823.6099853515625,823.6099853515625,0
2006-02-01,834.3900146484375,875.9199829101562,799.1500244140625,859.8200073242188,859.8200073242188,0
2006-03-01,862.6099853515625,869.0599975585938,826.1799926757812,841.1799926757812,841.1799926757812,0
2006-04-01,843.0,843.3400268554688,776.27001953125,793.77001953125,793.77001953125,0
2006-05-01,797.52001953125,800.489990234375,709.1900024414062,751.3400268554688,751.3400268554688,0
2006-06-01,752.9099731445312,772.9299926757812,703.3099975585938,742.8699951171875,742.8699951171875,0
2006-07-01,744.6599731445312,746.989990234375,686.7899780273438,732.6099853515625,732.6099853515625,0
2006-08-01,729.2899780273438,761.8200073242188,702.0800170898438,754.27001953125,754.27001953125,0
2006-09-01,757.3200073242188,760.8400268554688,726.8599853515625,754.260009765625,754.260009765625,0
2006-10-01,754.489990234375,818.1799926757812,741.5999755859375,814.8699951171875,814.8699951171875,0
2006-11-01,816.780029296875,840.1400146484375,795.5800170898438,822.280029296875,822.280029296875,0
2006-12-01,821.8200073242188,834.7100219726562,797.0999755859375,798.3900146484375,798.3900146484375,0
2007-01-01,802.8200073242188,836.72998046875,783.760009765625,818.0999755859375,818.0999755859375,0
2007-02-01,823.47998046875,831.6799926757812,785.8499755859375,790.469970703125,790.469970703125,0
2007-03-01,777.1699829101562,781.1699829101562,742.1799926757812,776.9500122070312,776.9500122070312,0
2007-04-01,779.6599731445312,858.7999877929688,775.4199829101562,841.6599731445312,841.6599731445312,0
2007-05-01,843.6300048828125,857.5999755859375,812.3200073242188,835.2100219726562,835.2100219726562,0
2007-06-01,836.1099853515625,840.739990234375,790.3200073242188,802.6799926757812,802.6799926757812,0
2007-07-01,806.9000244140625,829.1900024414062,783.8599853515625,784.260009765625,784.260009765625,0
2007-08-01,781.1099853515625,824.5700073242188,768.0900268554688,813.6699829101562,813.6699829101562,0
2007-09-01,813.1500244140625,863.0900268554688,813.0999755859375,854.3699951171875,854.3699951171875,0
2007-10-01,854.6400146484375,910.5999755859375,854.6400146484375,891.8599853515625,891.8599853515625,0
2007-11-01,887.5999755859375,889.280029296875,814.719970703125,866.3099975585938,866.3099975585938,0
2007-12-01,861.9600219726562,881.5900268554688,823.5,834.9600219726562,834.9600219726562,0
2008-01-01,836.3400268554688,861.530029296875,772.3699951171875,805.0999755859375,805.0999755859375,0
2008-02-01,808.219970703125,823.72998046875,765.0499877929688,784.0,784.0,0
2008-03-01,784.8400268554688,793.030029296875,716.5999755859375,780.9000244140625,780.9000244140625,0
2008-04-01,787.780029296875,817.0499877929688,783.5399780273438,799.239990234375,799.239990234375,0
2008-05-01,800.7899780273438,822.8400268554688,785.1199951171875,817.9000244140625,817.9000244140625,0
2008-06-01,815.6300048828125,833.02001953125,778.6900024414062,793.4299926757812,793.4299926757812,0
2008-07-01,792.3699951171875,926.5999755859375,788.1400146484375,917.739990234375,917.739990234375,0
2008-08-01,908.8900146484375,937.239990234375,876.3099975585938,885.97998046875,885.97998046875,0
2008-09-01,895.3499755859375,901.8900146484375,808.9099731445312,836.0800170898438,836.0800170898438,0
2008-10-01,831.22998046875,833.8900146484375,616.719970703125,734.6699829101562,734.6699829101562,0
2008-11-01,737.02001953125,762.6300048828125,590.260009765625,673.9299926757812,673.9299926757812,0
2008-12-01,659.8400268554688,735.4000244140625,626.6300048828125,729.5399780273438,729.5399780273438,0
2009-01-01,730.8099975585938,749.280029296875,697.75,728.719970703125,728.719970703125,0
2009-02-01,722.4299926757812,772.489990234375,647.2100219726562,648.0,648.0,0
2009-03-01,637.4299926757812,703.5399780273438,605.3800048828125,682.8099975585938,682.8099975585938,0
2009-04-01,668.1900024414062,697.3099975585938,643.5999755859375,674.6199951171875,674.6199951171875,0
2009-05-01,675.5399780273438,699.4099731445312,656.9299926757812,699.4099731445312,699.4099731445312,0
2009-06-01,704.1599731445312,756.3300170898438,700.4600219726562,749.5800170898438,749.5800170898438,0
2009-07-01,747.9400024414062,830.3400268554688,709.6199951171875,811.1699829101562,811.1699829101562,0
2009-08-01,813.739990234375,823.9400024414062,771.9000244140625,808.5700073242188,808.5700073242188,0
2009-09-01,806.739990234375,866.739990234375,792.6300048828125,839.6099853515625,839.6099853515625,0
2009-10-01,837.3699951171875,839.6900024414062,753.3300170898438,756.75,756.75,0
2009-11-01,766.3800048828125,823.52001953125,754.6699829101562,807.9099731445312,807.9099731445312,0
2009-12-01,811.52001953125,851.8200073242188,804.27001953125,843.5700073242188,843.5700073242188,0
2010-01-01,851.8300170898438,885.5999755859375,846.4000244140625,860.1400146484375,860.1400146484375,0
2010-02-01,861.8099975585938,883.719970703125,826.8400268554688,878.8599853515625,878.8599853515625,0
2010-03-01,887.2100219726562,963.7000122070312,887.1300048828125,939.02001953125,939.02001953125,0
2010-04-01,943.9199829101562,959.6400146484375,917.969970703125,940.7999877929688,940.7999877929688,0
2010-05-01,944.1400146484375,956.8599853515625,803.239990234375,837.6799926757812,837.6799926757812,0
2010-06-01,831.1199951171875,868.4500122070312,794.77001953125,799.9400024414062,799.9400024414062,0
2010-07-01,795.9500122070312,852.510009765625,769.77001953125,836.010009765625,836.010009765625,0
2010-08-01,847.5800170898438,874.0700073242188,803.6799926757812,812.1300048828125,812.1300048828125,0
2010-09-01,823.3800048828125,905.0700073242188,823.3800048828125,895.3300170898438,895.3300170898438,0
2010-10-01,900.75,934.510009765625,885.4400024414062,927.6300048828125,927.6300048828125,0
2010-11-01,930.0499877929688,936.7000122070312,899.1199951171875,907.5399780273438,907.5399780273438,0
2010-12-01,918.3800048828125,987.0,917.5499877929688,970.1699829101562,970.1699829101562,0
2011-01-01,975.989990234375,1010.6900024414062,965.5,974.1199951171875,974.1199951171875,0
2011-02-01,977.030029296875,995.3300170898438,955.6300048828125,983.530029296875,983.530029296875,0
2011-03-01,987.1599731445312,1041.3399658203125,965.4400024414062,1040.8299560546875,1040.8299560546875,0
2011-04-01,1045.0699462890625,1130.1600341796875,1041.199951171875,1117.1700439453125,1117.1700439453125,0
2011-05-01,1122.449951171875,1143.5799560546875,1089.7099609375,1135.3499755859375,1135.3499755859375,0
2011-06-01,1134.3800048828125,1135.5899658203125,1053.9300537109375,1108.4000244140625,1108.4000244140625,0
2011-07-01,1110.1199951171875,1140.06005859375,1058.969970703125,1080.6099853515625,1080.6099853515625,0
2011-08-01,1092.0,1095.8800048828125,873.0499877929688,1000.2000122070312,1000.2000122070312,0
2011-09-01,1002.3900146484375,1033.3299560546875,946.760009765625,969.6400146484375,969.6400146484375,0
2011-10-01,961.9600219726562,1045.72998046875,911.47998046875,1020.6400146484375,1020.6400146484375,0
2011-11-01,994.75,1063.1800537109375,957.2899780273438,1063.1800537109375,1063.1800537109375,0
2011-12-01,1059.8900146484375,1089.780029296875,1024.2099609375,1084.719970703125,1084.719970703125,0
2012-01-01,1101.719970703125,1208.719970703125,1087.8199462890625,1206.4000244140625,1206.4000244140625,0
2012-02-01,1216.22998046875,1267.4599609375,1202.27001953125,1237.0899658203125,1237.0899658203125,0
2012-03-01,1238.469970703125,1293.6099853515625,1202.8699951171875,1281.1099853515625,1281.1099853515625,0
2012-04-01,1280.030029296875,1313.97998046875,1210.0400390625,1302.0,1302.0,0
2012-05-01,1299.9100341796875,1317.9200439453125,1246.1700439453125,1280.550048828125,1280.550048828125,0
2012-06-01,1274.050048828125,1353.27001953125,1229.43994140625,1351.6300048828125,1351.6300048828125,0
2012-07-01,1356.43994140625,1440.7099609375,1326.6199951171875,1391.47998046875,1391.47998046875,0
2012-08-01,1399.9200439453125,1421.300048828125,1348.1199951171875,1417.4100341796875,1417.4100341796875,0
2012-09-01,1418.52001953125,1510.52001953125,1411.6500244140625,1486.1600341796875,1486.1600341796875,0
2012-10-01,1493.989990234375,1548.5899658203125,1372.739990234375,1375.489990234375,1375.489990234375,0
2012-11-01,1383.18994140625,1459.7900390625,1329.030029296875,1446.1600341796875,1446.1600341796875,0
2012-12-01,1452.4200439453125,1474.050048828125,1401.27001953125,1430.81005859375,1430.81005859375,0
2013-01-01,1460.199951171875,1532.969970703125,1459.300048828125,1519.8199462890625,1519.8199462890625,0
2013-02-01,1532.469970703125,1550.510009765625,1494.4100341796875,1540.9599609375,1540.9599609375,0
2013-03-01,1536.5999755859375,1671.3299560546875,1528.6500244140625,1669.280029296875,1669.280029296875,0
2013-04-01,1671.489990234375,1847.030029296875,1643.6600341796875,1798.3800048828125,1798.3800048828125,0
2013-05-01,1795.9000244140625,1950.18994140625,1783.3800048828125,1872.0899658203125,1872.0899658203125,0
2013-06-01,1871.989990234375,1879.550048828125,1714.8900146484375,1813.1500244140625,1813.1500244140625,0
2013-07-01,1860.4300537109375,2080.070068359375,1850.81005859375,2065.81005859375,2065.81005859375,0
2013-08-01,2079.590087890625,2102.6201171875,1953.6700439453125,2022.8199462890625,2022.8199462890625,0
2013-09-01,2050.419921875,2215.889892578125,2042.68994140625,2188.919921875,2188.919921875,0
2013-10-01,2197.860107421875,2232.52001953125,2001.3699951171875,2143.929931640625,2143.929931640625,0
2013-11-01,2152.949951171875,2350.1298828125,2063.739990234375,2340.0,2340.0,0
2013-12-01,2338.5,2380.60009765625,2221.219970703125,2369.530029296875,2369.530029296875,0
2014-01-01,2365.889892578125,2653.199951171875,2323.8798828125,2568.7900390625,2568.7900390625,0
2014-02-01,2571.68994140625,2872.2900390625,2436.610107421875,2764.860107421875,2764.860107421875,0
2014-03-01,2724.199951171875,2825.7099609375,2390.679931640625,2468.889892578125,2468.889892578125,0
2014-04-01,2493.800048828125,2563.070068359375,2168.080078125,2402.3798828125,2402.3798828125,0
2014-05-01,2409.050048828125,2527.679931640625,2302.159912109375,2503.6201171875,2503.6201171875,0
2014-06-01,2509.989990234375,2713.31005859375,2469.739990234375,2686.409912109375,2686.409912109375,0
2014-07-01,2702.969970703125,2784.669921875,2536.030029296875,2623.5400390625,2623.5400390625,0
2014-08-01,2617.1298828125,2894.300048828125,2589.110107421875,2892.7099609375,2892.7099609375,0
2014-09-01,2910.5,2929.610107421875,2758.56005859375,2859.1201171875,2859.1201171875,0
2014-10-01,2865.5400390625,3168.030029296875,2598.110107421875,3102.72998046875,3102.72998046875,0
2014-11-01,3106.31005859375,3211.919921875,2994.1298828125,3179.639892578125,3179.639892578125,0
2014-12-01,3172.080078125,3338.3701171875,3057.610107421875,3177.52001953125,3177.52001953125,0
2015-01-01,3200.25,3444.10009765625,3120.2900390625,3364.85009765625,3364.85009765625,0
2015-02-01,3388.669921875,3571.77001953125,3200.840087890625,3529.7099609375,3529.7099609375,0
2015-03-01,3537.429931640625,3902.6298828125,3497.030029296875,3597.18994140625,3597.18994140625,0
2015-04-01,3593.280029296875,3854.27001953125,3462.889892578125,3498.43994140625,3498.43994140625,0
2015-05-01,3537.010009765625,3851.5400390625,3528.919921875,3821.679931640625,3821.679931640625,0
2015-06-01,3843.25,4028.14990234375,3749.469970703125,3864.679931640625,3864.679931640625,0
2015-07-01,3904.510009765625,4194.8701171875,3792.14990234375,4003.2099609375,4003.2099609375,0
2015-08-01,4015.81005859375,4079.360107421875,3181.2099609375,3579.5,3579.5,0
2015-09-01,3501.070068359375,3831.7900390625,2989.0400390625,3169.1298828125,3169.1298828125,0
2015-10-01,3169.429931640625,3523.679931640625,3064.280029296875,3410.360107421875,3410.360107421875,0
2015-11-01,3437.929931640625,3574.02001953125,3324.25,3498.1201171875,3498.1201171875,0
2015-12-01,3521.949951171875,3596.830078125,3292.10009765625,3540.43994140625,3540.43994140625,0
2016-01-01,3459.1201171875,3468.77001953125,2714.110107421875,2796.469970703125,2796.469970703125,0
2016-02-01,2781.02001953125,2840.409912109375,2517.39990234375,2660.169921875,2660.169921875,0
2016-03-01,2685.25,2843.340087890625,2529.25,2727.02001953125,2727.02001953125,0
2016-04-01,2715.22998046875,3029.570068359375,2695.050048828125,2805.35009765625,2805.35009765625,0
2016-05-01,2815.360107421875,2938.64990234375,2606.22998046875,2923.780029296875,2923.780029296875,0
2016-06-01,2912.969970703125,2998.1201171875,2514.68994140625,2693.469970703125,2693.469970703125,0
2016-07-01,2693.18994140625,3031.139892578125,2688.989990234375,3028.3701171875,3028.3701171875,0
2016-08-01,3046.93994140625,3131.659912109375,2919.8701171875,2938.27001953125,2938.27001953125,0
2016-09-01,2944.830078125,3154.360107421875,2906.77001953125,3027.14990234375,3027.14990234375,0
2016-10-01,3017.330078125,3058.739990234375,2682.2099609375,2682.56005859375,2682.56005859375,0
2016-11-01,2684.300048828125,3075.449951171875,2582.199951171875,2864.550048828125,2864.550048828125,0
2016-12-01,2871.4599609375,2885.31005859375,2739.169921875,2772.72998046875,2772.72998046875,0
2017-01-01,2797.050048828125,3004.0,2792.110107421875,2910.2099609375,2910.2099609375,0
2017-02-01,2919.050048828125,3134.39990234375,2904.419921875,3107.719970703125,3107.719970703125,0
2017-03-01,3146.969970703125,3176.2099609375,3005.9599609375,3069.35009765625,3069.35009765625,0
2017-04-01,3072.719970703125,3121.110107421875,2993.1298828125,3114.669921875,3114.669921875,0
2017-05-01,3121.449951171875,3147.679931640625,2959.760009765625,2991.610107421875,2991.610107421875,0
2017-06-01,2999.889892578125,3382.0,2999.889892578125,3245.64990234375,3245.64990234375,0
2017-07-01,3259.72998046875,3446.330078125,3229.6201171875,3339.860107421875,3339.860107421875,0
2017-08-01,3344.179931640625,3493.81005859375,3169.320068359375,3491.030029296875,3491.030029296875,0
2017-09-01,3497.659912109375,3524.5,3430.550048828125,3493.010009765625,3493.010009765625,0
2017-10-01,3501.719970703125,3586.280029296875,3262.85009765625,3290.050048828125,3290.050048828125,0
2017-11-01,3310.820068359375,3331.860107421875,3163.969970703125,3307.85009765625,3307.85009765625,0
2017-12-01,3301.0,3402.830078125,3190.050048828125,3356.610107421875,3356.610107421875,0
2018-01-01,3378.639892578125,3749.47998046875,3360.110107421875,3590.239990234375,3590.239990234375,0
2018-02-01,3583.47998046875,3606.10009765625,3181.85009765625,3397.949951171875,3397.949951171875,0
2018-03-01,3395.9599609375,3634.239990234375,3290.050048828125,3354.39990234375,3354.39990234375,0
2018-04-01,3324.60009765625,3395.969970703125,3152.679931640625,3254.85009765625,3254.85009765625,0
2018-05-01,3251.919921875,3433.219970703125,3158.8701171875,3407.3798828125,3407.3798828125,0
2018-06-01,3423.2099609375,3578.9599609375,3342.81005859375,3453.429931640625,3453.429931640625,0
2018-07-01,3437.06005859375,3776.25,3421.449951171875,3666.3798828125,3666.3798828125,0
2018-08-01,3666.5,3853.18994140625,3621.429931640625,3842.659912109375,3842.659912109375,0
2018-09-01,3829.27001953125,3846.050048828125,3647.590087890625,3835.4599609375,3835.4599609375,0
2018-10-01,3856.639892578125,3865.8798828125,3167.8798828125,3275.659912109375,3275.659912109375,0
2018-11-01,3287.409912109375,3504.8701171875,3174.9599609375,3429.340087890625,3429.340087890625,0
2018-12-01,3485.830078125,3507.469970703125,2801.139892578125,3043.6201171875,3043.6201171875,0
2019-01-01,2991.919921875,3476.31005859375,2990.3798828125,3451.360107421875,3451.360107421875,0
2019-02-01,3451.330078125,3595.02001953125,3347.429931640625,3543.409912109375,3543.409912109375,0
2019-03-01,3567.409912109375,3646.159912109375,3364.610107421875,3512.2900390625,3512.2900390625,0
2019-04-01,3539.6298828125,3614.989990234375,3234.280029296875,3343.0,3343.0,0
2019-05-01,3338.300048828125,3426.489990234375,3137.669921875,3139.22998046875,3139.22998046875,0
2019-06-01,3157.580078125,3457.7900390625,3156.909912109375,3427.989990234375,3427.989990234375,0
2019-07-01,3465.6201171875,3481.68994140625,3274.409912109375,3322.419921875,3322.419921875,3822500
2019-08-01,3338.860107421875,3397.06005859375,3189.139892578125,3234.6201171875,3234.6201171875,2742500
2019-09-01,3219.8798828125,3324.179931640625,3102.81005859375,3127.719970703125,3127.719970703125,4181500
2019-10-01,3130.9599609375,3395.530029296875,3018.25,3369.610107421875,3369.610107421875,4336800
2019-11-01,3394.60009765625,3769.320068359375,3383.2099609375,3755.0,3755.0,4639600
2019-12-01,3759.199951171875,3882.1298828125,3694.510009765625,3786.5400390625,3786.5400390625,2768500
2020-01-01,3806.179931640625,3859.56005859375,3541.60009765625,3574.43994140625,3574.43994140625,4425500
2020-02-01,3623.570068359375,3890.1298828125,3446.989990234375,3585.27001953125,3585.27001953125,3964200
2020-03-01,3610.010009765625,3825.610107421875,2947.85009765625,3392.27001953125,3392.27001953125,8408700
2020-04-01,3301.85009765625,4038.830078125,3230.760009765625,3900.06005859375,3900.06005859375,6156100
2020-05-01,3840.110107421875,4273.52001953125,3759.97998046875,4229.56982421875,4229.56982421875,4771700
2020-06-01,4210.740234375,4413.240234375,3931.610107421875,4297.47998046875,4297.47998046875,6929700
2020-07-01,4296.77978515625,4600.5400390625,4174.009765625,4224.35986328125,4224.35986328125,6474800
2020-08-01,4253.2900390625,4360.7900390625,4090.47998046875,4262.3701171875,4262.3701171875,5177600
2020-09-01,4252.89013671875,4333.02001953125,3962.3798828125,4256.759765625,4256.759765625,6059200
2020-10-01,4274.9501953125,4547.0,4054.510009765625,4097.97021484375,4097.97021484375,4304300
2020-11-01,4125.4501953125,4576.0400390625,4033.139892578125,4554.47998046875,4554.47998046875,4417200
2020-12-01,4623.68994140625,4960.6298828125,4513.830078125,4759.14013671875,4759.14013671875,7419100
2021-01-01,4784.3701171875,5294.25,4670.990234375,5056.7900390625,5056.7900390625,6824400
2021-02-01,5132.16015625,5466.7900390625,4850.240234375,4936.77978515625,4936.77978515625,7358700
2021-03-01,4986.2998046875,5029.14990234375,4475.66015625,4724.97998046875,4724.97998046875,8404800
2021-04-01,4775.0400390625,5004.89013671875,4584.14013671875,4865.4599609375,4865.4599609375,5620800
2021-05-01,4897.64013671875,4911.10009765625,4497.31005859375,4766.77001953125,4766.77001953125,5796700
2021-06-01,4790.2099609375,5187.85009765625,4690.64990234375,5147.93017578125,5147.93017578125,7226600
2021-07-01,5153.47021484375,5214.509765625,4909.31005859375,5137.7001953125,5137.7001953125,4327700
2021-08-01,5171.1201171875,5517.77001953125,5079.5400390625,5347.6201171875,5347.6201171875,6306300
2021-09-01,5360.31005859375,5459.83984375,5068.81005859375,5085.10986328125,5085.10986328125,5924700
2021-10-01,5002.60009765625,5034.3701171875,4832.43994140625,4988.89990234375,4988.89990234375,5263600
2021-11-01,4980.9599609375,5198.7099609375,4697.7001953125,4791.85009765625,4791.85009765625,6051100
2021-12-01,4789.580078125,4842.60986328125,4464.14990234375,4728.93994140625,4728.93994140625,8330400
2022-01-01,4722.56005859375,4762.41015625,3884.760009765625,4167.7998046875,4167.7998046875,7437000
2022-02-01,4184.10009765625,4271.259765625,3776.010009765625,3996.239990234375,3996.239990234375,6779600
2022-03-01,3990.280029296875,4266.22021484375,3789.860107421875,4166.169921875,4166.169921875,6586500
2022-04-01,4180.68017578125,4350.080078125,3731.6298828125,3760.639892578125,3760.639892578125,7312700
2022-05-01,3746.669921875,3904.169921875,3355.159912109375,3711.030029296875,3711.030029296875,9391400
2022-06-01,3733.989990234375,3859.389892578125,3323.419921875,3748.81005859375,3748.81005859375,12426500
2022-07-01,3730.5400390625,4055.840087890625,3725.580078125,3902.89990234375,3902.89990234375,8486000
2022-08-01,3885.550048828125,4284.830078125,3821.64990234375,3861.679931640625,3861.679931640625,9551400
2022-09-01,3842.949951171875,4104.7001953125,3628.030029296875,3767.60009765625,3767.60009765625,8334100
2022-10-01,3811.75,4143.14013671875,3746.25,4103.35009765625,4103.35009765625,6086000
2022-11-01,4136.33984375,4344.080078125,4002.239990234375,4344.080078125,4344.080078125,6677600
2022-12-01,4344.06982421875,4418.740234375,4095.639892578125,4213.1298828125,4213.1298828125,8865400
2023-01-01,4227.64013671875,4422.8701171875,4155.64990234375,4360.72021484375,4360.72021484375,6121200
2023-02-01,4345.0,4386.85986328125,4042.820068359375,4075.169921875,4075.169921875,5172400
2023-03-01,4086.639892578125,4162.39990234375,3856.139892578125,4125.2900390625,4125.2900390625,7451400
2023-04-01,4113.2001953125,4279.18994140625,4101.22021484375,4187.31982421875,4187.31982421875,5618800
2023-05-01,4187.06982421875,4272.72021484375,4027.760009765625,4072.949951171875,4072.949951171875,7156000
2023-06-01,4073.7099609375,4281.669921875,4013.909912109375,4076.929931640625,4076.929931640625,8070000
2023-07-01,4049.22998046875,4189.009765625,3977.35009765625,4129.97998046875,4129.97998046875,6134200
2023-08-01,4122.43017578125,4160.56982421875,3998.06005859375,4114.7099609375,4114.7099609375,6440500
2023-09-01,4153.7001953125,4174.41015625,3912.97998046875,3953.64990234375,3953.64990234375,5925600
2023-10-01,3947.0,3999.080078125,3630.429931640625,3694.340087890625,3694.340087890625,7414700
2023-11-01,3701.68994140625,3909.199951171875,3653.360107421875,3874.070068359375,3874.070068359375,7462400
2023-12-01,3869.800048828125,4438.3701171875,3847.93994140625,4370.580078125,4370.580078125,9327800
2024-01-01,4340.18017578125,4537.419921875,4339.10986328125,4385.06005859375,4385.06005859375,6982100
2024-02-01,4390.06005859375,4596.77001953125,4278.93017578125,4428.56005859375,4428.56005859375,0
2024-03-01,4449.0,4538.419921875,4317.2001953125,4429.97021484375,4429.97021484375,0
2024-04-01,4420.259765625,4420.5,4026.429931640625,4162.330078125,4162.330078125,0
2024-05-01,4168.6298828125,4521.509765625,4167.60009765625,4401.10009765625,4401.10009765625,0
2024-06-01,4413.39990234375,4664.64013671875,4402.81982421875,4545.27978515625,4545.27978515625,0
2024-07-01,4537.9599609375,4939.5,4452.75,4843.66015625,4843.66015625,0
2024-08-01,4821.490234375,4934.669921875,4519.47998046875,4882.0,4882.0,0
2024-09-01,4870.169921875,4954.81005859375,4666.4599609375,4767.83984375,4767.83984375,0
2024-10-01,4771.85009765625,4860.5,4640.77978515625,4650.06982421875,4650.06982421875,0
2024-11-01,4667.6298828125,4947.259765625,4343.2001953125,4644.81005859375,4644.81005859375,0
2024-12-01,4638.56005859375,4666.93994140625,4237.60986328125,4310.6298828125,4310.6298828125,0
2025-01-01,4340.8701171875,4610.0498046875,4221.5400390625,4532.75,4532.75,0
2025-02-01,4466.41015625,4665.7900390625,4385.22021484375,4518.06005859375,4518.06005859375,0
2025-03-01,4525.72998046875,4557.58984375,4155.43017578125,4244.3701171875,4244.3701171875,0
2025-04-01,4241.91015625,4269.56005859375,3568.35009765625,4260.419921875,4260.419921875,0
2025-05-01,4237.2099609375,4299.22998046875,3895.360107421875,4079.1298828125,4079.1298828125,0
2025-06-01,4095.800048828125,4339.7099609375,4073.81005859375,4227.68017578125,4227.68017578125,0
2025-07-01,4219.14013671875,4580.41015625,4212.68017578125,4461.22998046875,4461.22998046875,0
2025-08-01,4445.39013671875,4799.06005859375,4413.39990234375,4677.6298828125,4677.6298828125,0
2025-09-01,4717.10009765625,4897.47021484375,4697.77978515625,4879.89990234375,4879.89990234375,0
2025-10-01,4916.10986328125,5372.7099609375,4911.93994140625,5366.4599609375,5366.4599609375,0
2025-11-01,5344.91015625,5832.47021484375,5215.08984375,5818.02978515625,5818.02978515625,0
2025-12-01,5772.06005859375,5856.08984375,5589.2998046875,5707.2001953125,5707.2001953125,0
2026-01-01,5723.47998046875,6055.169921875,5565.7900390625,5852.669921875,5852.669921875,0
2026-02-01,5826.85009765625,6131.64990234375,5791.83984375,6041.31005859375,6041.31005859375,0
2026-03-01,5965.89013671875,6031.5498046875,5524.02978515625,5839.39990234375,5839.39990234375,0
2026-04-01,5889.75,6142.02978515625,5712.18994140625,5862.93994140625,5862.93994140625,0
2026-05-01,5819.43017578125,6053.0400390625,5654.60986328125,5989.81005859375,5989.81005859375,0
2026-06-01,5932.8701171875,6602.02978515625,5685.33984375,6564.93017578125,6564.93017578125,0
2026-07-01,6590.2900390625,6878.7998046875,6401.97998046875,6452.85009765625,6452.85009765625,0
2026-08-01,6456.75,7410.97021484375,6381.1298828125,7125.06005859375,7125.06005859375,0
2026-09-01,7122.6298828125,7334.759765625,6841.27001953125,7114.52978515625,7114.52978515625,0
